{
    "avg_word_length": 5.261904761904762,
    "lexical_diversity": 0.8333333333333334,
    "avg_sentence_length": 15.333333333333334,
    "word_count": 42,
    "sentence_count": 3,
    "punctuation_density": 0.08695652173913043,
    "pos_distribution": {
        "DET": 0.15217391304347827,
        "ADJ": 0.15217391304347827,
        "NOUN": 0.2826086956521739,
        "AUX": 0.021739130434782608,
        "ADP": 0.10869565217391304,
        "CCONJ": 0.06521739130434782,
        "PUNCT": 0.08695652173913043,
        "PRON": 0.021739130434782608,
        "VERB": 0.10869565217391304
    },
    "submission_count": 1
}